nct_id,country
NCT03987919,United States
NCT03987919,United States
NCT03987919,United States
NCT03987919,United States
NCT03987919,United States
NCT03987919,United States
NCT03987919,United States
NCT03987919,United States
NCT03987919,United States
NCT03987919,United States
NCT03987919,United States
NCT03987919,United States
NCT03987919,United States
NCT03987919,United States
NCT03987919,United States
NCT03987919,United States
NCT03987919,United States
NCT03987919,United States
NCT03987919,United States
NCT03987919,United States
NCT03987919,United States
NCT03987919,United States
NCT03987919,United States
NCT03987919,United States
NCT03987919,United States
NCT03987919,United States
NCT03987919,United States
NCT03987919,United States
NCT03987919,United States
NCT03987919,United States
NCT03987919,United States
NCT03987919,United States
NCT03987919,United States
NCT03987919,United States
NCT03987919,United States
NCT03987919,United States
NCT03987919,United States
NCT03987919,United States
NCT03987919,United States
NCT03987919,United States
NCT03987919,United States
NCT03987919,United States
NCT03987919,United States
NCT03987919,United States
NCT03987919,United States
NCT03987919,United States
NCT03987919,United States
NCT03987919,United States
NCT03987919,United States
NCT03987919,United States
NCT03987919,United States
NCT03987919,Argentina
NCT03987919,Argentina
NCT03987919,Argentina
NCT03987919,Argentina
NCT03987919,Argentina
NCT03987919,Argentina
NCT03987919,Argentina
NCT03987919,Argentina
NCT03987919,Argentina
NCT03987919,Argentina
NCT03987919,Argentina
NCT03987919,Argentina
NCT03987919,Argentina
NCT03987919,Australia
NCT03987919,Australia
NCT03987919,Australia
NCT03987919,Australia
NCT03987919,Australia
NCT03987919,Australia
NCT03987919,Australia
NCT03987919,Australia
NCT03987919,Australia
NCT03987919,Australia
NCT03987919,Australia
NCT03987919,Australia
NCT03987919,Australia
NCT03987919,Brazil
NCT03987919,Brazil
NCT03987919,Brazil
NCT03987919,Brazil
NCT03987919,Brazil
NCT03987919,Brazil
NCT03987919,Brazil
NCT03987919,Canada
NCT03987919,Canada
NCT03987919,Canada
NCT03987919,Canada
NCT03987919,Canada
NCT03987919,Canada
NCT03987919,Canada
NCT03987919,Canada
NCT03987919,Israel
NCT03987919,Israel
NCT03987919,Israel
NCT03987919,Israel
NCT03987919,Israel
NCT03987919,Israel
NCT03987919,Israel
NCT03987919,Israel
NCT03987919,Israel
NCT03987919,Mexico
NCT03987919,Mexico
NCT03987919,Mexico
NCT03987919,Mexico
NCT03987919,Mexico
NCT03987919,Mexico
NCT03987919,Mexico
NCT03987919,Mexico
NCT03987919,Puerto Rico
NCT03987919,Puerto Rico
NCT03987919,Puerto Rico
NCT03987919,Puerto Rico
NCT03987919,United Kingdom
NCT03987919,United Kingdom
NCT03987919,United Kingdom
NCT03987919,United Kingdom
NCT03987919,United Kingdom
NCT03987919,United Kingdom
NCT03987919,United Kingdom
NCT03987919,United Kingdom
NCT03987919,United Kingdom
NCT03987919,United Kingdom
NCT03987919,United Kingdom
NCT03987919,United Kingdom
NCT03987919,United Kingdom
NCT03987919,United Kingdom
NCT03730662,United States
NCT03730662,United States
NCT03730662,United States
NCT03730662,United States
NCT03730662,United States
NCT03730662,United States
NCT03730662,United States
NCT03730662,United States
NCT03730662,United States
NCT03730662,United States
NCT03730662,United States
NCT03730662,United States
NCT03730662,United States
NCT03730662,United States
NCT03730662,United States
NCT03730662,United States
NCT03730662,United States
NCT03730662,United States
NCT03730662,United States
NCT03730662,United States
NCT03730662,United States
NCT03730662,United States
NCT03730662,United States
NCT03730662,United States
NCT03730662,United States
NCT03730662,United States
NCT03730662,United States
NCT03730662,United States
NCT03730662,United States
NCT03730662,United States
NCT03730662,United States
NCT03730662,United States
NCT03730662,United States
NCT03730662,United States
NCT03730662,United States
NCT03730662,United States
NCT03730662,United States
NCT03730662,United States
NCT03730662,United States
NCT03730662,United States
NCT03730662,United States
NCT03730662,United States
NCT03730662,United States
NCT03730662,United States
NCT03730662,United States
NCT03730662,United States
NCT03730662,United States
NCT03730662,United States
NCT03730662,United States
NCT03730662,United States
NCT03730662,United States
NCT03730662,United States
NCT03730662,United States
NCT03730662,United States
NCT03730662,United States
NCT03730662,United States
NCT03730662,United States
NCT03730662,United States
NCT03730662,United States
NCT03730662,United States
NCT03730662,United States
NCT03730662,United States
NCT03730662,United States
NCT03730662,United States
NCT03730662,United States
NCT03730662,United States
NCT03730662,United States
NCT03730662,United States
NCT03730662,United States
NCT03730662,United States
NCT03730662,United States
NCT03730662,United States
NCT03730662,United States
NCT03730662,United States
NCT03730662,Argentina
NCT03730662,Argentina
NCT03730662,Argentina
NCT03730662,Argentina
NCT03730662,Argentina
NCT03730662,Argentina
NCT03730662,Argentina
NCT03730662,Argentina
NCT03730662,Argentina
NCT03730662,Argentina
NCT03730662,Argentina
NCT03730662,Argentina
NCT03730662,Argentina
NCT03730662,Argentina
NCT03730662,Argentina
NCT03730662,Australia
NCT03730662,Australia
NCT03730662,Australia
NCT03730662,Australia
NCT03730662,Australia
NCT03730662,Australia
NCT03730662,Australia
NCT03730662,Australia
NCT03730662,Australia
NCT03730662,Australia
NCT03730662,Australia
NCT03730662,Australia
NCT03730662,Australia
NCT03730662,Australia
NCT03730662,Australia
NCT03730662,Brazil
NCT03730662,Brazil
NCT03730662,Brazil
NCT03730662,Brazil
NCT03730662,Brazil
NCT03730662,Brazil
NCT03730662,Brazil
NCT03730662,Brazil
NCT03730662,Brazil
NCT03730662,Canada
NCT03730662,Canada
NCT03730662,Canada
NCT03730662,Canada
NCT03730662,Canada
NCT03730662,Canada
NCT03730662,Canada
NCT03730662,Canada
NCT03730662,Canada
NCT03730662,Canada
NCT03730662,Canada
NCT03730662,Canada
NCT03730662,Canada
NCT03730662,Canada
NCT03730662,Canada
NCT03730662,Canada
NCT03730662,Canada
NCT03730662,Canada
NCT03730662,Canada
NCT03730662,Greece
NCT03730662,Greece
NCT03730662,Greece
NCT03730662,Greece
NCT03730662,Greece
NCT03730662,Israel
NCT03730662,Israel
NCT03730662,Israel
NCT03730662,Israel
NCT03730662,Israel
NCT03730662,Israel
NCT03730662,Israel
NCT03730662,Israel
NCT03730662,Israel
NCT03730662,Mexico
NCT03730662,Mexico
NCT03730662,Mexico
NCT03730662,Mexico
NCT03730662,Mexico
NCT03730662,Mexico
NCT03730662,Poland
NCT03730662,Poland
NCT03730662,Poland
NCT03730662,Poland
NCT03730662,Poland
NCT03730662,Poland
NCT03730662,Poland
NCT03730662,Poland
NCT03730662,Poland
NCT03730662,Poland
NCT03730662,Poland
NCT03730662,Puerto Rico
NCT03730662,Puerto Rico
NCT03730662,Puerto Rico
NCT03730662,Puerto Rico
NCT03730662,Puerto Rico
NCT03730662,Puerto Rico
NCT03730662,Puerto Rico
NCT03730662,Romania
NCT03730662,Romania
NCT03730662,Romania
NCT03730662,Romania
NCT03730662,Romania
NCT03730662,Romania
NCT03730662,Romania
NCT03730662,Romania
NCT03730662,Romania
NCT03730662,Russian Federation
NCT03730662,Russian Federation
NCT03730662,Russian Federation
NCT03730662,Russian Federation
NCT03730662,Russian Federation
NCT03730662,Russian Federation
NCT03730662,Russian Federation
NCT03730662,Russian Federation
NCT03730662,Russian Federation
NCT03730662,Russian Federation
NCT03730662,Slovakia
NCT03730662,Slovakia
NCT03730662,Slovakia
NCT03730662,Slovakia
NCT03730662,Slovakia
NCT03730662,Slovakia
NCT03730662,Spain
NCT03730662,Spain
NCT03730662,Spain
NCT03730662,Spain
NCT03730662,Spain
NCT03730662,Spain
NCT03730662,Spain
NCT03730662,Spain
NCT03730662,Spain
NCT03730662,Spain
NCT03730662,Spain
NCT03730662,Spain
NCT03730662,Taiwan
NCT03730662,Taiwan
NCT03730662,Taiwan
NCT03730662,Taiwan
NCT03730662,Taiwan
NCT03730662,Taiwan
NCT03730662,Taiwan
NCT03730662,Taiwan
NCT03730662,Taiwan
NCT02054897,United States
NCT02054897,United States
NCT02054897,United States
NCT02054897,United States
NCT02054897,United States
NCT02054897,United States
NCT02054897,United States
NCT02054897,United States
NCT02054897,United States
NCT02054897,United States
NCT02054897,United States
NCT02054897,United States
NCT02054897,United States
NCT02054897,United States
NCT02054897,United States
NCT02054897,United States
NCT02054897,United States
NCT02054897,United States
NCT02054897,United States
NCT02054897,United States
NCT02054897,United States
NCT02054897,United States
NCT02054897,United States
NCT02054897,United States
NCT02054897,United States
NCT02054897,United States
NCT02054897,United States
NCT02054897,United States
NCT02054897,United States
NCT02054897,United States
NCT02054897,United States
NCT02054897,United States
NCT02054897,United States
NCT02054897,United States
NCT02054897,United States
NCT02054897,United States
NCT02054897,United States
NCT02054897,United States
NCT02054897,Canada
NCT02054897,Canada
NCT02054897,Canada
NCT02054897,Canada
NCT02054897,Canada
NCT02054897,Canada
NCT02054897,Canada
NCT02054897,Italy
NCT02054897,Italy
NCT02054897,Italy
NCT02054897,Italy
NCT02054897,Italy
NCT02054897,Italy
NCT02054897,Japan
NCT02054897,Japan
NCT02054897,Japan
NCT02054897,Japan
NCT02054897,Japan
NCT02054897,Mexico
NCT02054897,Mexico
NCT02054897,Mexico
NCT02054897,Romania
NCT02054897,Romania
NCT02054897,Romania
NCT02054897,Romania
NCT02054897,Romania
NCT02054897,Russian Federation
NCT02054897,Russian Federation
NCT02054897,Russian Federation
NCT02054897,Russian Federation
NCT02054897,Russian Federation
NCT02054897,Russian Federation
NCT02054897,Russian Federation
NCT02054897,Russian Federation
NCT02054897,Russian Federation
NCT02054897,South Africa
NCT02054897,South Africa
NCT02054897,South Africa
NCT02054897,South Africa
NCT02054897,South Africa
NCT02054897,South Africa
NCT02054897,South Africa
NCT02054897,South Africa
NCT02054897,South Africa
NCT02054897,United Kingdom
NCT02054897,United Kingdom
NCT02054897,United Kingdom
NCT02054897,United Kingdom
NCT03954834,United States
NCT03954834,United States
NCT03954834,United States
NCT03954834,United States
NCT03954834,United States
NCT03954834,United States
NCT03954834,United States
NCT03954834,United States
NCT03954834,United States
NCT03954834,United States
NCT03954834,United States
NCT03954834,United States
NCT03954834,United States
NCT03954834,United States
NCT03954834,United States
NCT03954834,United States
NCT03954834,United States
NCT03954834,United States
NCT03954834,United States
NCT03954834,United States
NCT03954834,United States
NCT03954834,United States
NCT03954834,United States
NCT03954834,United States
NCT03954834,United States
NCT03954834,United States
NCT03954834,United States
NCT03954834,United States
NCT03954834,India
NCT03954834,India
NCT03954834,India
NCT03954834,India
NCT03954834,India
NCT03954834,India
NCT03954834,India
NCT03954834,India
NCT03954834,India
NCT03954834,Japan
NCT03954834,Japan
NCT03954834,Japan
NCT03954834,Japan
NCT03954834,Japan
NCT03954834,Japan
NCT03954834,Japan
NCT03954834,Japan
NCT03954834,Japan
NCT03954834,Japan
NCT03954834,Mexico
NCT03954834,Mexico
NCT03954834,Mexico
NCT03954834,Mexico
NCT03954834,Puerto Rico
NCT03954834,Puerto Rico
NCT01930188,Argentina
NCT01930188,Argentina
NCT01930188,Argentina
NCT01930188,Argentina
NCT01930188,Bulgaria
NCT01930188,Bulgaria
NCT01930188,Bulgaria
NCT01930188,Bulgaria
NCT01930188,Bulgaria
NCT01930188,Bulgaria
NCT01930188,Bulgaria
NCT01930188,Bulgaria
NCT01930188,Bulgaria
NCT01930188,Bulgaria
NCT01930188,Czechia
NCT01930188,Czechia
NCT01930188,Czechia
NCT01930188,Czechia
NCT01930188,Czechia
NCT01930188,Hong Kong
NCT01930188,Hungary
NCT01930188,Hungary
NCT01930188,Hungary
NCT01930188,Hungary
NCT01930188,Hungary
NCT01930188,India
NCT01930188,India
NCT01930188,India
NCT01930188,India
NCT01930188,India
NCT01930188,India
NCT01930188,India
NCT01930188,India
NCT01930188,India
NCT01930188,India
NCT01930188,India
NCT01930188,India
NCT01930188,India
NCT01930188,India
NCT01930188,India
NCT01930188,India
NCT01930188,India
NCT01930188,India
NCT01930188,India
NCT01930188,Japan
NCT01930188,Japan
NCT01930188,Japan
NCT01930188,Japan
NCT01930188,Japan
NCT01930188,Japan
NCT01930188,Japan
NCT01930188,Japan
NCT01930188,Japan
NCT01930188,Japan
NCT01930188,Japan
NCT01930188,Japan
NCT01930188,Japan
NCT01930188,Japan
NCT01930188,Mexico
NCT01930188,Mexico
NCT01930188,Mexico
NCT01930188,Mexico
NCT01930188,Mexico
NCT01930188,Norway
NCT01930188,Norway
NCT01930188,Norway
NCT01930188,Norway
NCT01930188,Norway
NCT01930188,Portugal
NCT01930188,Portugal
NCT01930188,Portugal
NCT01930188,Portugal
NCT01930188,Portugal
NCT01930188,Portugal
NCT01930188,Portugal
NCT01930188,Portugal
NCT01930188,Romania
NCT01930188,Romania
NCT01930188,Romania
NCT01930188,Romania
NCT01930188,Romania
NCT01930188,Russian Federation
NCT01930188,Russian Federation
NCT01930188,Russian Federation
NCT01930188,Russian Federation
NCT01930188,Russian Federation
NCT01930188,Russian Federation
NCT01930188,Russian Federation
NCT01930188,Russian Federation
NCT01930188,Russian Federation
NCT01930188,Russian Federation
NCT01930188,Russian Federation
NCT01930188,Russian Federation
NCT01930188,Russian Federation
NCT01930188,Russian Federation
NCT01930188,Russian Federation
NCT01930188,Russian Federation
NCT01930188,Russian Federation
NCT01930188,Russian Federation
NCT01930188,Russian Federation
NCT01930188,South Africa
NCT01930188,South Africa
NCT01930188,South Africa
NCT01930188,South Africa
NCT01930188,South Africa
NCT01930188,South Africa
NCT01930188,South Africa
NCT01930188,South Africa
NCT01930188,Spain
NCT01930188,Spain
NCT01930188,Spain
NCT01930188,Spain
NCT01930188,Spain
NCT01930188,Spain
NCT01930188,Spain
NCT01930188,Sweden
NCT01930188,Sweden
NCT01930188,Sweden
NCT01930188,Sweden
NCT01930188,Thailand
NCT01930188,Thailand
NCT01930188,Thailand
NCT01930188,Thailand
NCT01930188,Turkey
NCT01930188,Turkey
NCT01930188,Turkey
NCT01930188,Turkey
NCT01930188,Turkey
NCT01930188,Turkey
NCT01930188,Turkey
NCT01930188,Turkey
NCT01930188,Turkey
NCT01930188,Turkey
NCT01930188,Turkey
NCT01930188,Turkey
NCT01930188,Ukraine
NCT01930188,Ukraine
NCT01930188,Ukraine
NCT01930188,Ukraine
NCT01930188,Ukraine
NCT01930188,Ukraine
NCT01885208,United States
NCT01885208,United States
NCT01885208,United States
NCT01885208,United States
NCT01885208,United States
NCT01885208,United States
NCT01885208,United States
NCT01885208,United States
NCT01885208,United States
NCT01885208,United States
NCT01885208,United States
NCT01885208,United States
NCT01885208,United States
NCT01885208,United States
NCT01885208,United States
NCT01885208,United States
NCT01885208,United States
NCT01885208,United States
NCT01885208,United States
NCT01885208,United States
NCT01885208,United States
NCT01885208,United States
NCT01885208,United States
NCT01885208,United States
NCT01885208,United States
NCT01885208,United States
NCT01885208,United States
NCT01885208,United States
NCT01885208,United States
NCT01885208,United States
NCT01885208,United States
NCT01885208,United States
NCT01885208,United States
NCT01885208,United States
NCT01885208,United States
NCT01885208,United States
NCT01885208,United States
NCT01885208,United States
NCT01885208,United States
NCT01885208,United States
NCT01885208,United States
NCT01885208,United States
NCT01885208,United States
NCT01885208,United States
NCT01885208,United States
NCT01885208,United States
NCT01885208,United States
NCT01885208,United States
NCT01885208,United States
NCT01885208,United States
NCT01885208,United States
NCT01885208,United States
NCT01885208,United States
NCT01885208,United States
NCT01885208,United States
NCT01885208,United States
NCT01885208,United States
NCT01885208,United States
NCT01885208,United States
NCT01885208,United States
NCT01885208,United States
NCT01885208,United States
NCT01885208,United States
NCT01885208,United States
NCT01885208,United States
NCT01885208,United States
NCT01885208,United States
NCT01885208,United States
NCT01885208,United States
NCT01885208,United States
NCT02906930,United States
NCT02906930,United States
NCT02906930,United States
NCT02906930,United States
NCT02906930,United States
NCT02906930,United States
NCT02906930,United States
NCT02906930,United States
NCT02906930,United States
NCT02906930,United States
NCT02906930,United States
NCT02906930,United States
NCT02906930,United States
NCT02906930,United States
NCT02906930,United States
NCT02906930,United States
NCT02906930,United States
NCT02906930,United States
NCT02906930,United States
NCT02906930,United States
NCT02906930,United States
NCT02906930,United States
NCT02906930,United States
NCT02906930,United States
NCT02906930,United States
NCT02906930,United States
NCT02906930,United States
NCT02906930,United States
NCT02906930,United States
NCT02906930,United States
NCT02906930,United States
NCT02906930,United States
NCT02906930,United States
NCT02906930,United States
NCT02906930,United States
NCT02906930,United States
NCT02906930,United States
NCT02906930,United States
NCT02906930,United States
NCT02906930,United States
NCT02906930,United States
NCT02906930,United States
NCT02906930,United States
NCT02906930,United States
NCT02906930,United States
NCT02906930,United States
NCT02906930,United States
NCT02906930,United States
NCT02906930,United States
NCT02906930,United States
NCT02906930,United States
NCT02906930,United States
NCT02906930,United States
NCT02906930,United States
NCT02906930,United States
NCT02906930,United States
NCT02906930,Algeria
NCT02906930,Algeria
NCT02906930,Algeria
NCT02906930,Algeria
NCT02906930,Bulgaria
NCT02906930,Bulgaria
NCT02906930,Czechia
NCT02906930,Czechia
NCT02906930,Czechia
NCT02906930,Czechia
NCT02906930,Czechia
NCT02906930,Italy
NCT02906930,Italy
NCT02906930,Italy
NCT02906930,Italy
NCT02906930,Italy
NCT02906930,Japan
NCT02906930,Japan
NCT02906930,Japan
NCT02906930,Japan
NCT02906930,Japan
NCT02906930,Japan
NCT02906930,Mexico
NCT02906930,Mexico
NCT02906930,Romania
NCT02906930,Romania
NCT02906930,Romania
NCT02906930,Romania
NCT02906930,Romania
NCT02906930,Russian Federation
NCT02906930,Russian Federation
NCT02906930,Russian Federation
NCT02906930,Russian Federation
NCT02906930,Russian Federation
NCT02906930,Russian Federation
NCT02906930,Russian Federation
NCT02906930,Russian Federation
NCT02906930,Russian Federation
NCT02906930,Serbia
NCT02906930,Turkey
NCT02906930,Turkey
NCT02906930,Turkey
NCT02906930,Turkey
NCT02906930,Turkey
NCT02906930,Turkey
NCT02906930,Turkey
NCT02906930,Turkey
NCT02906930,Turkey
NCT02906930,Turkey
NCT01885208,United States
NCT01885208,United States
NCT01885208,United States
NCT01885208,United States
NCT01885208,United States
NCT01885208,United States
NCT01885208,Argentina
NCT01885208,Argentina
NCT01885208,Argentina
NCT01885208,Argentina
NCT01885208,Argentina
NCT01885208,Croatia
NCT01885208,Croatia
NCT01885208,Croatia
NCT01885208,Croatia
NCT01885208,Croatia
NCT01885208,Finland
NCT01885208,Finland
NCT01885208,Finland
NCT01885208,Finland
NCT01885208,Finland
NCT01885208,France
NCT01885208,France
NCT01885208,France
NCT01885208,France
NCT01885208,France
NCT01885208,France
NCT01885208,France
NCT01885208,France
NCT01885208,Germany
NCT01885208,Germany
NCT01885208,Germany
NCT01885208,Germany
NCT01885208,Germany
NCT01885208,Germany
NCT01885208,Germany
NCT01885208,Germany
NCT01885208,Greece
NCT01885208,Greece
NCT01885208,Greece
NCT01885208,Greece
NCT01885208,Greece
NCT01885208,Greece
NCT01885208,Italy
NCT01885208,Italy
NCT01885208,Italy
NCT01885208,Italy
NCT01885208,Italy
NCT01885208,Italy
NCT01885208,Italy
NCT01885208,Netherlands
NCT01885208,Netherlands
NCT01885208,Netherlands
NCT01885208,Netherlands
NCT01885208,Netherlands
NCT01885208,Netherlands
NCT01885208,Netherlands
NCT01885208,Netherlands
NCT01885208,Netherlands
NCT01885208,Puerto Rico
NCT01885208,Puerto Rico
NCT01885208,Serbia
NCT01885208,Serbia
NCT01885208,Serbia
NCT01885208,Serbia
NCT01885208,Switzerland
NCT01885208,Switzerland
NCT01885208,Switzerland
NCT01885208,Switzerland
NCT01885208,Switzerland
NCT01885208,United Kingdom
NCT01885208,United Kingdom
NCT01885208,United Kingdom
NCT01885208,United Kingdom
NCT01885208,United Kingdom
NCT01885208,United Kingdom
NCT02863419,United States
NCT02863419,United States
NCT02863419,United States
NCT02863419,United States
NCT02863419,United States
NCT02863419,United States
NCT02863419,United States
NCT02863419,United States
NCT02863419,United States
NCT02863419,United States
NCT02863419,United States
NCT02863419,United States
NCT02863419,United States
NCT02863419,United States
NCT02863419,United States
NCT02863419,United States
NCT02863419,United States
NCT02863419,United States
NCT02863419,United States
NCT02863419,United States
NCT02863419,United States
NCT02863419,United States
NCT02863419,United States
NCT02863419,United States
NCT02863419,United States
NCT02863419,United States
NCT02863419,United States
NCT02863419,United States
NCT02863419,United States
NCT02863419,United States
NCT02863419,United States
NCT02863419,United States
NCT02863419,United States
NCT02863419,United States
NCT02863419,United States
NCT02863419,United States
NCT02863419,United States
NCT02863419,United States
NCT02863419,United States
NCT02863419,United States
NCT02863419,Croatia
NCT02863419,Croatia
NCT02863419,Croatia
NCT02863419,Croatia
NCT02863419,Croatia
NCT02863419,Czechia
NCT02863419,Czechia
NCT02863419,Czechia
NCT02863419,Germany
NCT02863419,Germany
NCT02863419,Germany
NCT02863419,Germany
NCT02863419,Germany
NCT02863419,Germany
NCT02863419,Germany
NCT02863419,Germany
NCT02863419,Hungary
NCT02863419,Hungary
NCT02863419,Hungary
NCT02863419,Hungary
NCT02863419,Hungary
NCT02863419,Hungary
NCT02863419,Hungary
NCT02863419,Hungary
NCT02863419,Hungary
NCT02863419,Hungary
NCT02863419,Japan
NCT02863419,Japan
NCT02863419,Japan
NCT02863419,Japan
NCT02863419,Japan
NCT02863419,Japan
NCT02863419,Japan
NCT02863419,Japan
NCT02863419,Japan
NCT02863419,Latvia
NCT02863419,Latvia
NCT02863419,Latvia
NCT02863419,Latvia
NCT02863419,Poland
NCT02863419,Poland
NCT02863419,Poland
NCT02863419,Poland
NCT02863419,Poland
NCT02863419,Poland
NCT02863419,Poland
NCT02863419,Poland
NCT02863419,Poland
NCT02863419,Puerto Rico
NCT02863419,Slovakia
NCT02863419,Slovakia
NCT02863419,Slovakia
NCT02863419,Slovakia
NCT02863419,Slovakia
NCT02863419,Slovakia
NCT02863419,South Africa
NCT02863419,South Africa
NCT02863419,South Africa
NCT02863419,South Africa
NCT02863419,South Africa
NCT02863419,Ukraine
NCT02863419,Ukraine
NCT02863419,Ukraine
NCT02863419,United Arab Emirates
NCT02863419,United Arab Emirates
NCT02863419,United Arab Emirates
NCT02863419,United Arab Emirates
NCT02863419,United Arab Emirates
NCT02863328,United States
NCT02863328,United States
NCT02863328,United States
NCT02863328,United States
NCT02863328,United States
NCT02863328,United States
NCT02863328,United States
NCT02863328,United States
NCT02863328,United States
NCT02863328,United States
NCT02863328,United States
NCT02863328,United States
NCT02863328,United States
NCT02863328,United States
NCT02863328,United States
NCT02863328,United States
NCT02863328,United States
NCT02863328,United States
NCT02863328,United States
NCT02863328,United States
NCT02863328,United States
NCT02863328,United States
NCT02863328,United States
NCT02863328,United States
NCT02863328,United States
NCT02863328,United States
NCT02863328,United States
NCT02863328,United States
NCT02863328,United States
NCT02863328,United States
NCT02863328,United States
NCT02863328,United States
NCT02863328,United States
NCT02863328,United States
NCT02863328,United States
NCT02863328,United States
NCT02863328,United States
NCT02863328,United States
NCT02863328,United States
NCT02863328,United States
NCT02863328,United States
NCT02863328,United States
NCT02863328,United States
NCT02863328,United States
NCT02863328,United States
NCT02863328,United States
NCT02863328,United States
NCT02863328,United States
NCT02863328,Argentina
NCT02863328,Argentina
NCT02863328,Argentina
NCT02863328,Argentina
NCT02863328,Brazil
NCT02863328,Brazil
NCT02863328,Brazil
NCT02863328,Croatia
NCT02863328,Croatia
NCT02863328,Croatia
NCT02863328,Croatia
NCT02863328,Croatia
NCT02863328,Croatia
NCT02863328,Greece
NCT02863328,Greece
NCT02863328,Greece
NCT02863328,Greece
NCT02863328,Greece
NCT02863328,Greece
NCT02863328,Greece
NCT02863328,Hungary
NCT02863328,Hungary
NCT02863328,Hungary
NCT02863328,Hungary
NCT02863328,Hungary
NCT02863328,Hungary
NCT02863328,Italy
NCT02863328,Italy
NCT02863328,Italy
NCT02863328,Italy
NCT02863328,Italy
NCT02863328,Italy
NCT02863328,Poland
NCT02863328,Poland
NCT02863328,Poland
NCT02863328,Poland
NCT02863328,Poland
NCT02863328,Poland
NCT02863328,Russian Federation
NCT02863328,Russian Federation
NCT02863328,Russian Federation
NCT02863328,Russian Federation
NCT02863328,Russian Federation
NCT02863328,Russian Federation
NCT02863328,Serbia
NCT02863328,Serbia
NCT02863328,Serbia
NCT02863328,Spain
NCT02863328,Spain
NCT02863328,Spain
NCT02863328,Spain
NCT02863328,Spain
NCT02863328,Spain
NCT02863328,Spain
NCT02863328,Spain
NCT02863328,Spain
NCT02863328,Thailand
NCT02863328,Thailand
NCT02607865,United States
NCT02607865,United States
NCT02607865,United States
NCT02607865,United States
NCT02607865,United States
NCT02607865,United States
NCT02607865,United States
NCT02607865,United States
NCT02607865,United States
NCT02607865,United States
NCT02607865,United States
NCT02607865,United States
NCT02607865,United States
NCT02607865,United States
NCT02607865,United States
NCT02607865,United States
NCT02607865,United States
NCT02607865,United States
NCT02607865,United States
NCT02607865,United States
NCT02607865,United States
NCT02607865,United States
NCT02607865,United States
NCT02607865,United States
NCT02607865,United States
NCT02607865,United States
NCT02607865,United States
NCT02607865,United States
NCT02607865,United States
NCT02607865,United States
NCT02607865,United States
NCT02607865,United States
NCT02607865,United States
NCT02607865,United States
NCT02607865,United States
NCT02607865,United States
NCT02607865,United States
NCT02607865,United States
NCT02607865,United States
NCT02607865,United States
NCT02607865,United States
NCT02607865,United States
NCT02607865,United States
NCT02607865,United States
NCT02607865,United States
NCT02607865,United States
NCT02607865,United States
NCT02607865,United States
NCT02607865,United States
NCT02607865,United States
NCT02607865,United States
NCT02607865,United States
NCT02607865,United States
NCT02607865,United States
NCT02607865,United States
NCT02607865,United States
NCT02607865,United States
NCT02607865,United States
NCT02607865,United States
NCT02607865,United States
NCT02607865,United States
NCT02607865,Turkey
NCT02607865,United States
NCT02607865,United States
NCT02607865,United States
NCT02607865,United States
NCT02607865,United States
NCT02607865,United States
NCT02607865,United States
NCT02607865,United States
NCT02607865,United States
NCT02607865,United States
NCT02607865,United States
NCT02607865,United States
NCT02607865,United States
NCT02607865,United States
NCT02607865,United States
NCT02607865,United States
NCT02607865,United States
NCT02607865,United States
NCT02607865,United States
NCT02607865,United States
NCT02607865,United States
NCT02607865,United States
NCT02607865,United States
NCT02607865,United States
NCT02607865,United States
NCT02607865,United States
NCT02607865,United States
NCT02607865,United States
NCT02607865,United States
NCT02607865,United States
NCT02607865,United States
NCT02607865,United States
NCT02607865,Argentina
NCT02607865,Argentina
NCT02607865,Argentina
NCT02607865,Argentina
NCT02607865,Argentina
NCT02607865,Argentina
NCT02607865,Brazil
NCT02607865,France
NCT02607865,France
NCT02607865,France
NCT02607865,France
NCT02607865,France
NCT02607865,France
NCT02607865,France
NCT02607865,France
NCT02607865,France
NCT02607865,France
NCT02607865,France
NCT02607865,France
NCT02607865,France
NCT02607865,France
NCT02607865,France
NCT02607865,France
NCT02607865,Germany
NCT02607865,Germany
NCT02607865,Germany
NCT02607865,Germany
NCT02607865,Germany
NCT02607865,Germany
NCT02607865,Germany
NCT02607865,Germany
NCT02607865,Germany
NCT02607865,Germany
NCT02607865,Germany
NCT02607865,Germany
NCT02607865,India
NCT02607865,India
NCT02607865,India
NCT02607865,India
NCT02607865,India
NCT02607865,India
NCT02607865,India
NCT02607865,India
NCT02607865,India
NCT02607865,India
NCT02607865,India
NCT02607865,India
NCT02607865,India
NCT02607865,India
NCT02607865,India
NCT02607865,India
NCT02607865,India
NCT02607865,India
NCT02607865,Israel
NCT02607865,Israel
NCT02607865,Israel
NCT02607865,Israel
NCT02607865,Israel
NCT02607865,Israel
NCT02607865,Israel
NCT02607865,Israel
NCT02607865,Japan
NCT02607865,Japan
NCT02607865,Japan
NCT02607865,Japan
NCT02607865,Japan
NCT02607865,Japan
NCT02607865,Japan
NCT02607865,Japan
NCT02607865,Japan
NCT02607865,Japan
NCT02607865,Japan
NCT02607865,Japan
NCT02607865,Japan
NCT02607865,Japan
NCT02607865,Japan
NCT02607865,Japan
NCT02607865,Mexico
NCT02607865,South Africa
NCT02607865,Mexico
NCT02607865,Mexico
NCT02607865,Mexico
NCT02607865,Mexico
NCT02607865,Romania
NCT02607865,Romania
NCT02607865,Romania
NCT02607865,Romania
NCT02607865,Romania
NCT02607865,Romania
NCT02607865,Romania
NCT02607865,Romania
NCT02607865,Romania
NCT02607865,Romania
NCT02607865,Romania
NCT02607865,Romania
NCT02607865,Romania
NCT02607865,Russian Federation
NCT02607865,Russian Federation
NCT02607865,Russian Federation
NCT02607865,Russian Federation
NCT02607865,Russian Federation
NCT02607865,Russian Federation
NCT02607865,Russian Federation
NCT02607865,Russian Federation
NCT02607865,Russian Federation
NCT02607865,South Africa
NCT02607865,South Africa
NCT02607865,South Africa
NCT02607865,South Africa
NCT02607865,South Africa
NCT02607865,South Africa
NCT02607865,South Africa
NCT02607865,South Africa
NCT02607865,South Africa
NCT02607865,South Africa
NCT02607865,South Africa
NCT02607865,Turkey
NCT02607865,Turkey
NCT02607865,Turkey
NCT02607865,Turkey
NCT02607865,Turkey
NCT02607865,Turkey
NCT02607865,Turkey
NCT02607865,Turkey
NCT02607865,Turkey
NCT02607865,Ukraine
NCT02607865,Ukraine
NCT02607865,Ukraine
NCT02607865,Ukraine
NCT02607865,Ukraine
NCT02607865,Ukraine
NCT02607865,Ukraine
NCT02607865,Ukraine
NCT02607865,United Kingdom
NCT02607865,United Kingdom
NCT02607865,United Kingdom
NCT02607865,United Kingdom
NCT02607865,United Kingdom
NCT02607865,United Kingdom
NCT02607865,United Kingdom
NCT02607865,United Kingdom
NCT02607865,United Kingdom
NCT02607865,United Kingdom
NCT02607865,United Kingdom
NCT02607865,United Kingdom
NCT02607865,United Kingdom
NCT02607865,United Kingdom
NCT02607865,United Kingdom
NCT03882970,United States
NCT03882970,United States
NCT03882970,United States
NCT03882970,United States
NCT03882970,United States
NCT03882970,United States
NCT03882970,United States
NCT03882970,United States
NCT03882970,United States
NCT03882970,United States
NCT03882970,United States
NCT03882970,United States
NCT03882970,United States
NCT03882970,United States
NCT03882970,United States
NCT03882970,United States
NCT03882970,United States
NCT03882970,United States
NCT03882970,United States
NCT03882970,United States
NCT03882970,United States
NCT03882970,United States
NCT03882970,United States
NCT03882970,United States
NCT03882970,United States
NCT03882970,United States
NCT03882970,United States
NCT03882970,United States
NCT03882970,United States
NCT03882970,United States
NCT03882970,United States
NCT03882970,United States
NCT03882970,United States
NCT03882970,Argentina
NCT03882970,Argentina
NCT03882970,Argentina
NCT03882970,Argentina
NCT03882970,Argentina
NCT03882970,Argentina
NCT03882970,Argentina
NCT03882970,Argentina
NCT03882970,Argentina
NCT03882970,Austria
NCT03882970,Austria
NCT03882970,Austria
NCT03882970,Austria
NCT03882970,Greece
NCT03882970,Greece
NCT03882970,Greece
NCT03882970,Greece
NCT03882970,Greece
NCT03882970,Greece
NCT03882970,Greece
NCT03882970,Greece
NCT03882970,Greece
NCT03882970,Greece
NCT03882970,Hungary
NCT03882970,Hungary
NCT03882970,Hungary
NCT03882970,Hungary
NCT03882970,Hungary
NCT03882970,Hungary
NCT03882970,Hungary
NCT03882970,Hungary
NCT03882970,Italy
NCT03882970,Italy
NCT03882970,Italy
NCT03882970,Italy
NCT03882970,Italy
NCT03882970,Italy
NCT03882970,"Korea, Republic of"
NCT03882970,"Korea, Republic of"
NCT03882970,"Korea, Republic of"
NCT03882970,"Korea, Republic of"
NCT03882970,"Korea, Republic of"
NCT03882970,"Korea, Republic of"
NCT03882970,"Korea, Republic of"
NCT03882970,"Korea, Republic of"
NCT03882970,"Korea, Republic of"
NCT03882970,"Korea, Republic of"
NCT03882970,Poland
NCT03882970,Poland
NCT03882970,Poland
NCT03882970,Poland
NCT03882970,Poland
NCT03882970,Poland
NCT03882970,Poland
NCT03882970,Poland
NCT03882970,Puerto Rico
NCT03882970,Puerto Rico
NCT03882970,Puerto Rico
NCT03882970,Romania
NCT03882970,Romania
NCT03882970,Romania
NCT03882970,Romania
NCT03882970,Romania
NCT03882970,Romania
NCT03882970,Romania
NCT03882970,Romania
NCT03882970,Romania
NCT03882970,Romania
NCT03882970,Spain
NCT03882970,Spain
NCT03882970,Spain
NCT03882970,Spain
NCT03882970,Spain
NCT03882970,Spain
NCT03882970,Spain
NCT03882970,Spain
NCT03882970,Taiwan
NCT03882970,Taiwan
NCT03882970,Taiwan
NCT03882970,Taiwan
NCT03882970,Taiwan
NCT03882970,Taiwan
NCT03882970,Taiwan
NCT03882970,Taiwan
NCT03882970,Taiwan
NCT03882970,Ukraine
NCT03882970,Ukraine
NCT03882970,Ukraine
NCT03882970,Ukraine
NCT05433584,United States
NCT05433584,United States
NCT05433584,United States
NCT05433584,United States
NCT05433584,United States
NCT05433584,United States
NCT05433584,United States
NCT05433584,United States
NCT05433584,United States
NCT05433584,United States
NCT05433584,United States
NCT05433584,United States
NCT05433584,United States
NCT05433584,United States
NCT05433584,United States
NCT05433584,United States
NCT05433584,United States
NCT05433584,United States
NCT05433584,United States
NCT05433584,United States
NCT05433584,United States
NCT05433584,United States
NCT05433584,United States
NCT05433584,United States
NCT05433584,United States
NCT05433584,United States
NCT05433584,United States
NCT05433584,United States
NCT05433584,United States
NCT05433584,United States
NCT05433584,United States
NCT05433584,United States
NCT05433584,United States
NCT05433584,United States
NCT05433584,Argentina
NCT05433584,Argentina
NCT05433584,Argentina
NCT05433584,Argentina
NCT05433584,Argentina
NCT05433584,Canada
NCT05433584,Canada
NCT05433584,Canada
NCT05433584,Canada
NCT05433584,Czechia
NCT05433584,Czechia
NCT05433584,Czechia
NCT05433584,Czechia
NCT05433584,Czechia
NCT05433584,Germany
NCT05433584,Germany
NCT05433584,Germany
NCT05433584,Germany
NCT05433584,Germany
NCT05433584,Germany
NCT05433584,Germany
NCT05433584,Germany
NCT05433584,Israel
NCT05433584,Israel
NCT05433584,Israel
NCT05433584,Israel
NCT05433584,Israel
NCT05433584,Israel
NCT05433584,Israel
NCT05433584,Israel
NCT05433584,Italy
NCT05433584,Italy
NCT05433584,Italy
NCT05433584,Italy
NCT05433584,Italy
NCT05433584,Italy
NCT05433584,Italy
NCT05433584,Italy
NCT05433584,Mexico
NCT05433584,Mexico
NCT05433584,Mexico
NCT05433584,Puerto Rico
NCT05433584,Puerto Rico
NCT05433584,Puerto Rico
NCT05433584,Romania
NCT05433584,Romania
NCT05433584,Romania
NCT05433584,Romania
NCT05433584,Romania
NCT05433584,Romania
NCT05433584,Romania
NCT05433584,Slovakia
NCT05433584,Slovakia
NCT05433584,Slovakia
NCT05433584,Slovakia
NCT05433584,Slovakia
NCT05433584,United Kingdom
NCT05433584,United Kingdom
NCT05433584,United Kingdom
NCT05433584,United Kingdom
NCT05433584,United Kingdom
NCT05433584,United Kingdom
NCT05433584,United Kingdom
NCT05260021,United States
NCT05260021,United States
NCT05260021,United States
NCT05260021,United States
NCT05260021,United States
NCT05260021,United States
NCT05260021,United States
NCT05260021,United States
NCT05260021,United States
NCT05260021,United States
NCT05260021,United States
NCT05260021,United States
NCT05260021,United States
NCT05260021,United States
NCT05260021,United States
NCT05260021,United States
NCT05260021,Australia
NCT05260021,Australia
NCT05260021,Australia
NCT05260021,Brazil
NCT05260021,Brazil
NCT05260021,Brazil
NCT05260021,Brazil
NCT05260021,Brazil
NCT05260021,Brazil
NCT05260021,Brazil
NCT05260021,Brazil
NCT05260021,Brazil
NCT05260021,Brazil
NCT05260021,Brazil
NCT05260021,France
NCT05260021,France
NCT05260021,India
NCT05260021,India
NCT05260021,India
NCT05260021,India
NCT05260021,India
NCT05260021,India
NCT05260021,Israel
NCT05260021,Israel
NCT05260021,Israel
NCT05260021,Israel
NCT05260021,Israel
NCT05260021,Italy
NCT05260021,Italy
NCT05260021,Italy
NCT05260021,Mexico
NCT05260021,Mexico
NCT05260021,Mexico
NCT05260021,Mexico
NCT05260021,Mexico
NCT05260021,United Kingdom
NCT05260021,United Kingdom
NCT05260021,United Kingdom
NCT05259033,United States
NCT05259033,United States
NCT05259033,United States
NCT05259033,United States
NCT05259033,United States
NCT05259033,United States
NCT05259033,United States
NCT05259033,United States
NCT05259033,United States
NCT05259033,United States
NCT05259033,United States
NCT05259033,United States
NCT05259033,United States
NCT05259033,United States
NCT05259033,United States
NCT05259033,United States
NCT05259033,United States
NCT05259033,United States
NCT05259033,United States
NCT05259033,United States
NCT05259033,United States
NCT05259033,United States
NCT05259033,United States
NCT05259033,United States
NCT05259033,United States
NCT05259033,United States
NCT05259033,United States
NCT05259033,United States
NCT05259033,United States
NCT05259033,United States
NCT05259033,United States
NCT05259033,United States
NCT05259033,United States
NCT05259033,United States
NCT05259033,United States
NCT05259033,United States
NCT05259033,United States
NCT05259033,United States
NCT05259033,United States
NCT05259033,United States
NCT05259033,United States
NCT05259033,United States
NCT05259033,United States
NCT05259033,United States
NCT05259033,United States
NCT05259033,United States
NCT05259033,United States
NCT05259033,United States
NCT05259033,United States
NCT05259033,United States
NCT05259033,United States
NCT05259033,United States
NCT05259033,United States
NCT05259033,United States
NCT05259033,United States
NCT05259033,Brazil
NCT05259033,Brazil
NCT05259033,Brazil
NCT05259033,Brazil
NCT05259033,Brazil
NCT05259033,Brazil
NCT05259033,Canada
NCT05259033,Canada
NCT05259033,Canada
NCT05259033,Canada
NCT05259033,Canada
NCT05259033,Canada
NCT05259033,Canada
NCT05259033,Canada
NCT05259033,Canada
NCT05259033,Canada
NCT05259033,China
NCT05259033,China
NCT05259033,China
NCT05259033,China
NCT05259033,China
NCT05259033,China
NCT05259033,China
NCT05259033,China
NCT05259033,China
NCT05259033,China
NCT05259033,China
NCT05259033,France
NCT05259033,France
NCT05259033,France
NCT05259033,France
NCT05259033,France
NCT05259033,France
NCT05259033,France
NCT05259033,Greece
NCT05259033,Greece
NCT05259033,Greece
NCT05259033,Greece
NCT05259033,Greece
NCT05259033,Greece
NCT05259033,Greece
NCT05259033,Greece
NCT05259033,Greece
NCT05259033,Hungary
NCT05259033,Hungary
NCT05259033,Hungary
NCT05259033,Hungary
NCT05259033,Hungary
NCT05259033,Israel
NCT05259033,Israel
NCT05259033,Israel
NCT05259033,Israel
NCT05259033,Israel
NCT05259033,Israel
NCT05259033,Japan
NCT05259033,Japan
NCT05259033,Japan
NCT05259033,Japan
NCT05259033,Japan
NCT05259033,Japan
NCT05259033,Japan
NCT05259033,Japan
NCT05259033,Japan
NCT05259033,Japan
NCT05259033,Russian Federation
NCT05259033,Russian Federation
NCT05259033,Russian Federation
NCT05259033,Russian Federation
NCT05259033,Russian Federation
NCT05259033,Russian Federation
NCT05259033,Russian Federation
NCT05259033,Slovakia
NCT05259033,Slovakia
NCT05259033,Slovakia
NCT05259033,Slovakia
NCT05259033,Slovakia
NCT05259033,Slovakia
NCT05259033,Slovakia
NCT05259033,Sweden
NCT05259033,Sweden
NCT05259033,Sweden
NCT05259033,Switzerland
NCT05259033,Switzerland
NCT05259033,Switzerland
NCT05259033,Switzerland
NCT05259033,Taiwan
NCT05259033,Taiwan
NCT05259033,Taiwan
NCT05259033,Taiwan
NCT05259033,Taiwan
NCT01064687,United States
NCT01064687,United States
NCT01064687,United States
NCT01064687,United States
NCT01064687,United States
NCT01064687,United States
NCT01064687,United States
NCT01064687,United States
NCT01064687,United States
NCT01064687,United States
NCT01064687,United States
NCT01064687,United States
NCT01064687,United States
NCT01064687,United States
NCT01064687,United States
NCT01064687,United States
NCT01064687,United States
NCT01064687,United States
NCT01064687,United States
NCT01064687,United States
NCT01064687,United States
NCT01064687,United States
NCT01064687,United States
NCT01064687,United States
NCT01064687,United States
NCT01064687,United States
NCT01064687,United States
NCT01064687,United States
NCT01064687,United States
NCT01064687,United States
NCT01064687,United States
NCT01064687,United States
NCT01064687,United States
NCT01064687,United States
NCT01064687,United States
NCT01064687,United States
NCT01064687,United States
NCT01064687,United States
NCT01064687,United States
NCT01064687,United States
NCT01064687,United States
NCT01064687,United States
NCT01064687,United States
NCT01064687,United States
NCT01064687,United States
NCT01064687,United States
NCT01064687,United States
NCT01064687,United States
NCT01064687,United States
NCT01064687,United States
NCT01064687,United States
NCT01064687,United States
NCT01064687,United States
NCT01064687,United States
NCT01064687,United States
NCT01064687,United States
NCT01064687,United States
NCT01064687,United States
NCT01064687,United States
NCT01064687,United States
NCT01064687,United States
NCT01064687,United States
NCT01064687,United States
NCT01064687,United States
NCT01064687,United States
NCT01064687,United States
NCT01064687,United States
NCT01064687,United States
NCT01064687,United States
NCT01064687,United States
NCT01064687,United States
NCT01064687,United States
NCT01064687,United States
NCT01064687,United States
NCT01064687,United States
NCT01064687,United States
NCT01064687,United States
NCT01064687,United States
NCT01064687,Argentina
NCT01064687,Mexico
NCT01064687,Mexico
NCT01064687,Mexico
NCT01064687,Puerto Rico
NCT01064687,Puerto Rico
NCT01064687,Puerto Rico
NCT01064687,Puerto Rico
NCT01064687,Puerto Rico
NCT01064687,Puerto Rico
NCT01064687,Puerto Rico
NCT01191268,United States
NCT01191268,United States
NCT01191268,United States
NCT01191268,United States
NCT01191268,United States
NCT01191268,United States
NCT01191268,United States
NCT01191268,United States
NCT01191268,United States
NCT01191268,United States
NCT01191268,United States
NCT01191268,United States
NCT01191268,United States
NCT01191268,United States
NCT01191268,United States
NCT01191268,United States
NCT01191268,United States
NCT01191268,United States
NCT01191268,United States
NCT01191268,United States
NCT01191268,United States
NCT01191268,United States
NCT01191268,United States
NCT01191268,United States
NCT01191268,United States
NCT01191268,United States
NCT01191268,United States
NCT01191268,United States
NCT01191268,United States
NCT01191268,United States
NCT01191268,United States
NCT01191268,United States
NCT01191268,United States
NCT01191268,United States
NCT01191268,United States
NCT01191268,United States
NCT01191268,Argentina
NCT01191268,Argentina
NCT01191268,Argentina
NCT01191268,Argentina
NCT01191268,Australia
NCT01191268,Australia
NCT01191268,Australia
NCT01191268,Belgium
NCT01191268,Belgium
NCT01191268,Belgium
NCT01191268,Belgium
NCT01191268,Brazil
NCT01191268,Brazil
NCT01191268,Brazil
NCT01191268,Brazil
NCT01191268,Canada
NCT01191268,Canada
NCT01191268,Canada
NCT01191268,Canada
NCT01191268,Canada
NCT01191268,Denmark
NCT01191268,Denmark
NCT01191268,Denmark
NCT01191268,Denmark
NCT01191268,Denmark
NCT01191268,Greece
NCT01191268,Greece
NCT01191268,Greece
NCT01191268,Greece
NCT01191268,Hungary
NCT01191268,Hungary
NCT01191268,Hungary
NCT01191268,Hungary
NCT01191268,Hungary
NCT01191268,Hungary
NCT01191268,Hungary
NCT01191268,Mexico
NCT01191268,Mexico
NCT01191268,Mexico
NCT01191268,Mexico
NCT01191268,Poland
NCT01191268,Poland
NCT01191268,Poland
NCT01191268,Poland
NCT01191268,Puerto Rico
NCT01191268,Puerto Rico
NCT01191268,Puerto Rico
NCT01191268,Puerto Rico
NCT01191268,Russian Federation
NCT01191268,Russian Federation
NCT01191268,Russian Federation
NCT01191268,Spain
NCT01191268,Spain
NCT01191268,Spain
NCT01191268,Spain
NCT01191268,Spain
NCT01191268,Spain
NCT01191268,Sweden
NCT01191268,Sweden
NCT01191268,Sweden
NCT01191268,Taiwan
NCT01191268,Taiwan
NCT01191268,Taiwan
NCT01191268,Taiwan
NCT01191268,Taiwan
NCT01126580,United States
NCT01126580,United States
NCT01126580,United States
NCT01126580,United States
NCT01126580,United States
NCT01126580,United States
NCT01126580,United States
NCT01126580,United States
NCT01126580,United States
NCT01126580,United States
NCT01126580,United States
NCT01126580,United States
NCT01126580,United States
NCT01126580,United States
NCT01126580,United States
NCT01126580,United States
NCT01126580,United States
NCT01126580,United States
NCT01126580,United States
NCT01126580,United States
NCT01126580,United States
NCT01126580,United States
NCT01126580,United States
NCT01126580,United States
NCT01126580,United States
NCT01126580,United States
NCT01126580,United States
NCT01126580,United States
NCT01126580,Argentina
NCT01126580,Argentina
NCT01126580,Brazil
NCT01126580,Brazil
NCT01126580,Canada
NCT01126580,Canada
NCT01126580,Canada
NCT01126580,Canada
NCT01126580,Canada
NCT01126580,Canada
NCT01126580,Croatia
NCT01126580,Croatia
NCT01126580,Croatia
NCT01126580,Croatia
NCT01126580,Czech Republic
NCT01126580,Czech Republic
NCT01126580,Czech Republic
NCT01126580,Finland
NCT01126580,Finland
NCT01126580,France
NCT01126580,France
NCT01126580,France
NCT01126580,France
NCT01126580,Germany
NCT01126580,Germany
NCT01126580,Germany
NCT01126580,Germany
NCT01126580,Germany
NCT01126580,India
NCT01126580,India
NCT01126580,India
NCT01126580,India
NCT01126580,"Korea, Republic of"
NCT01126580,"Korea, Republic of"
NCT01126580,"Korea, Republic of"
NCT01126580,Mexico
NCT01126580,Mexico
NCT01126580,Mexico
NCT01126580,Poland
NCT01126580,Poland
NCT01126580,Poland
NCT01126580,Puerto Rico
NCT01126580,Puerto Rico
NCT01126580,Puerto Rico
NCT01126580,Romania
NCT01126580,Romania
NCT01126580,Romania
NCT01126580,Romania
NCT01126580,Slovakia
NCT01126580,Slovakia
NCT01126580,Slovakia
NCT01126580,South Africa
NCT01126580,South Africa
NCT01126580,South Africa
NCT01126580,Spain
NCT01126580,Spain
NCT01126580,Spain
NCT01126580,United Kingdom
NCT01126580,United Kingdom
NCT01126580,United Kingdom
NCT01126580,United Kingdom
NCT01126580,United Kingdom
NCT01126580,United Kingdom
NCT01075282,Argentina
NCT01075282,Argentina
NCT01075282,Argentina
NCT01075282,Argentina
NCT01075282,Australia
NCT01075282,Australia
NCT01075282,Australia
NCT01075282,Australia
NCT01075282,Australia
NCT01075282,Belgium
NCT01075282,Belgium
NCT01075282,Belgium
NCT01075282,Brazil
NCT01075282,Brazil
NCT01075282,Canada
NCT01075282,Canada
NCT01075282,Canada
NCT01075282,Canada
NCT01075282,Canada
NCT01075282,Canada
NCT01075282,Canada
NCT01075282,Canada
NCT01075282,Croatia
NCT01075282,Croatia
NCT01075282,Croatia
NCT01075282,Czech Republic
NCT01075282,Czech Republic
NCT01075282,France
NCT01075282,France
NCT01075282,France
NCT01075282,France
NCT01075282,France
NCT01075282,Greece
NCT01075282,Hungary
NCT01075282,Hungary
NCT01075282,Hungary
NCT01075282,Hungary
NCT01075282,India
NCT01075282,India
NCT01075282,India
NCT01075282,India
NCT01075282,India
NCT01075282,India
NCT01075282,India
NCT01075282,Italy
NCT01075282,Italy
NCT01075282,"Korea, Republic of"
NCT01075282,"Korea, Republic of"
NCT01075282,"Korea, Republic of"
NCT01075282,Mexico
NCT01075282,Mexico
NCT01075282,Mexico
NCT01075282,Mexico
NCT01075282,Poland
NCT01075282,Poland
NCT01075282,Poland
NCT01075282,Poland
NCT01075282,Poland
NCT01075282,Poland
NCT01075282,Romania
NCT01075282,Romania
NCT01075282,Romania
NCT01075282,Romania
NCT01075282,Slovakia
NCT01075282,Spain
NCT01075282,Spain
NCT01075282,Spain
NCT01075282,Spain
NCT01075282,Sweden
NCT01075282,Sweden
NCT01075282,Sweden
NCT01075282,Sweden
NCT01075282,Taiwan
NCT01075282,Taiwan
NCT01075282,Taiwan
NCT01075282,Taiwan
NCT01075282,Taiwan
NCT01075282,Taiwan
NCT02128932,India
NCT02128932,United States
NCT02128932,United States
NCT02128932,United States
NCT02128932,United States
NCT02128932,United States
NCT02128932,United States
NCT02128932,United States
NCT02128932,United States
NCT02128932,United States
NCT02128932,United States
NCT02128932,United States
NCT02128932,United States
NCT02128932,United States
NCT02128932,United States
NCT02128932,United States
NCT02128932,United States
NCT02128932,United States
NCT02128932,United States
NCT02128932,United States
NCT02128932,United States
NCT02128932,United States
NCT02128932,United States
NCT02128932,United States
NCT02128932,United States
NCT02128932,United States
NCT02128932,United States
NCT02128932,United States
NCT02128932,United States
NCT02128932,United States
NCT02128932,United States
NCT02128932,United States
NCT02128932,United States
NCT02128932,United States
NCT02128932,United States
NCT02128932,United States
NCT02128932,United States
NCT02128932,United States
NCT02128932,United States
NCT02128932,United States
NCT02128932,United States
NCT02128932,United States
NCT02128932,United States
NCT02128932,United States
NCT02128932,United States
NCT02128932,United States
NCT02128932,United States
NCT02128932,United States
NCT02128932,United States
NCT02128932,United States
NCT02128932,United States
NCT02128932,United States
NCT02128932,United States
NCT02128932,United States
NCT02128932,United States
NCT02128932,United States
NCT02128932,United States
NCT02128932,United States
NCT02128932,United States
NCT02128932,United States
NCT02128932,United States
NCT02128932,United States
NCT02128932,United States
NCT02128932,United States
NCT02128932,United States
NCT02128932,United States
NCT02128932,United States
NCT02128932,United States
NCT02128932,United States
NCT02128932,United States
NCT02128932,United States
NCT02128932,United States
NCT02128932,United States
NCT02128932,United States
NCT02128932,United States
NCT02128932,United States
NCT02128932,United States
NCT02128932,United States
NCT02128932,United States
NCT02128932,United States
NCT02128932,United States
NCT02128932,United States
NCT02128932,United States
NCT02128932,United States
NCT02128932,United States
NCT02128932,United States
NCT02128932,United States
NCT02128932,United States
NCT02128932,United States
NCT02128932,United States
NCT02128932,United States
NCT02128932,United States
NCT02128932,United States
NCT02128932,United States
NCT02128932,United States
NCT02128932,United States
NCT02128932,United States
NCT02128932,United States
NCT02128932,United States
NCT02128932,United States
NCT02128932,United States
NCT02128932,United States
NCT02128932,United States
NCT02128932,United States
NCT02128932,United States
NCT02128932,United States
NCT02128932,United States
NCT02128932,United States
NCT02128932,United States
NCT02128932,United States
NCT02128932,United States
NCT02128932,United States
NCT02128932,United States
NCT02128932,United States
NCT02128932,United States
NCT02128932,United States
NCT02128932,United States
NCT02128932,United States
NCT02128932,United States
NCT02128932,United States
NCT02128932,United States
NCT02128932,United States
NCT02128932,United States
NCT02128932,United States
NCT02128932,United States
NCT02128932,United States
NCT02128932,United States
NCT02128932,United States
NCT02128932,United States
NCT02128932,United States
NCT02128932,United States
NCT02128932,United States
NCT02128932,United States
NCT02128932,United States
NCT02128932,United States
NCT02128932,United States
NCT02128932,United States
NCT02128932,Argentina
NCT02128932,Argentina
NCT02128932,Argentina
NCT02128932,Argentina
NCT02128932,Croatia
NCT02128932,Croatia
NCT02128932,Croatia
NCT02128932,Croatia
NCT02128932,France
NCT02128932,France
NCT02128932,France
NCT02128932,France
NCT02128932,France
NCT02128932,France
NCT02128932,France
NCT02128932,France
NCT02128932,France
NCT02128932,France
NCT02128932,France
NCT02128932,France
NCT02128932,France
NCT02128932,France
NCT02128932,France
NCT02128932,France
NCT02128932,France
NCT02128932,France
NCT02128932,France
NCT02128932,Germany
NCT02128932,Germany
NCT02128932,Germany
NCT02128932,Germany
NCT02128932,Germany
NCT02128932,Germany
NCT02128932,Germany
NCT02128932,Germany
NCT02128932,Germany
NCT02128932,Germany
NCT02128932,Germany
NCT02128932,Germany
NCT02128932,India
NCT02128932,India
NCT02128932,India
NCT02128932,India
NCT02128932,India
NCT02128932,India
NCT02128932,India
NCT02128932,India
NCT02128932,India
NCT02128932,India
NCT02128932,India
NCT02128932,India
NCT02128932,India
NCT02128932,India
NCT02128932,Mexico
NCT02128932,Mexico
NCT02128932,Mexico
NCT02128932,Mexico
NCT02128932,Netherlands
NCT02128932,Netherlands
NCT02128932,Netherlands
NCT02128932,North Macedonia
NCT02128932,North Macedonia
NCT02128932,Puerto Rico
NCT02128932,Romania
NCT02128932,Romania
NCT02128932,Romania
NCT02128932,Romania
NCT02128932,Romania
NCT02128932,Slovakia
NCT02128932,Slovakia
NCT02128932,Slovakia
NCT02128932,Slovakia
NCT02128932,Slovakia
NCT02128932,Slovenia
NCT02128932,Slovenia
NCT02128932,Slovenia
NCT02128932,South Africa
NCT02128932,South Africa
NCT02128932,South Africa
NCT02128932,South Africa
NCT02128932,South Africa
NCT02128932,United Kingdom
NCT02128932,United Kingdom
NCT02128932,United Kingdom
NCT02128932,United Kingdom
NCT02128932,United Kingdom
NCT02128932,United Kingdom
NCT02128932,United Kingdom
NCT02128932,United Kingdom
NCT02128932,United Kingdom
NCT02128932,United Kingdom
NCT02128932,United Kingdom
NCT02128932,United Kingdom
NCT02128932,United Kingdom
